{
  "France": [
    "Brittany",
    "Normandy",
    "Provence",
    "Guyenne",
    "Languedoc",
    "Massif Central",
    "Savoy Dauphine",
    "Lorraine",
    "Picardy",
    "Champagne",
    "Ile De France",
    "Loire",
    "Bourgogne",
    "West Burgundy",
    "Pyrenees",
    "Poitou",
    "Orleans"
  ],
  "Scandinavia": [
    "Svealand",
    "Norrland",
    "Gotaland",
    "Skaneland",
    "Jutland",
    "Denmark",
    "Finland",
    "Northern Norway",
    "Eastern Norway",
    "Western Norway",
    "Bothnia",
    "Subarctic Islands",
    "Laponia",
    "Vastra Gotaland",
    "Ostra Svealand",
    "Iceland"
  ],
  "Low Countries": [
    "Wallonia",
    "Flanders",
    "Holland",
    "Frisia",
    "Brabant",
    "North Brabant"
  ],
  "Italy": [
    "Venetia",
    "Lombardy",
    "Piedmont",
    "Tuscany",
    "Liguria",
    "Corsica Sardinia",
    "Sicily",
    "Naples",
    "Calabria",
    "Apulia",
    "Emilia Romagna",
    "Central Italy",
    "Lazio",
    "Po Valley",
    "Western Sicily"
  ],
  "North German": [
    "Erzgebirge",
    "South Saxony",
    "Northern Saxony",
    "Thuringia",
    "Neumark",
    "Mittelmark",
    "Vorpommern",
    "Bohemia",
    "Moravia",
    "Hinter Pommern",
    "North Rhine",
    "Lower Rhineland",
    "Westphalia",
    "North Westphalia",
    "Hesse",
    "Lower Saxony",
    "Weser",
    "Holstein",
    "Mecklenburg",
    "Braunschweig",
    "Lusatia"
  ],
  "South German": [
    "Tirol",
    "Austria Proper",
    "Inner Austria",
    "Carinthia",
    "Switzerland",
    "Lower Bavaria",
    "Upper Bavaria",
    "East Bavaria",
    "Franconia",
    "Upper Franconia",
    "Lower Swabia",
    "Upper Swabia",
    "Upper Rhineland",
    "Romandie",
    "Palatinate",
    "Alsace"
  ],
  "Russia": [
    "Moscow",
    "Suzdal",
    "Smolensk",
    "Novgorod",
    "Pskov",
    "Beloozero",
    "Pomor",
    "Karelia",
    "Ryazan",
    "Tambov",
    "North Karelia",
    "Tver",
    "Yaroslavl",
    "Vladimir",
    "Oka",
    "Arkhangelsk",
    "Vologda"
  ],
  "Ural": [
    "Ural",
    "Perm",
    "Kazan",
    "Galich",
    "Saratov",
    "Kama",
    "Bashkiria",
    "Samara",
    "Komi",
    "Volga"
  ],
  "Iberia": [
    "Aragon",
    "Catalonia",
    "Valencia",
    "Lower Andalucia",
    "Upper Andalucia",
    "Castille",
    "Toledo",
    "Asturias",
    "Leon",
    "Extremadura",
    "Alentejo",
    "Beieras",
    "Basque Country",
    "Galicia",
    "Baleares"
  ],
  "British Isles": [
    "East Midlands",
    "West Midlands",
    "Yorkshire",
    "Scottish Marches",
    "Wessex",
    "Home Counties",
    "East Anglia",
    "Wales",
    "Lowlands",
    "Highlands",
    "Kingdom Of The Isles",
    "Munster",
    "Connacht",
    "Leinster",
    "Ulster"
  ],
  "Baltic": [
    "Lithuania",
    "Livonia",
    "Estonia Ingria",
    "Curonia",
    "West Prussia",
    "East Prussia",
    "Samogitia"
  ],
  "Poland": [
    "Wielkopolska",
    "Malopolska",
    "Red Ruthenia",
    "Mazovia",
    "Silesia",
    "Central Poland",
    "Sandomierz",
    "Kuyavia"
  ],
  "Ruthenia": [
    "West Dniepr",
    "East Dniepr",
    "Sloboda Ukraine",
    "White Ruthenia",
    "Podolia Volhynia",
    "Pripyat",
    "Minsk",
    "Podlasie",
    "Volhynia",
    "Chernigov"
  ],
  "Crimea": [
    "Crimea",
    "Lower Don",
    "Astrakhan",
    "Zaporizhia",
    "Yedisan",
    "Azov"
  ],
  "Balkan": [
    "Croatia",
    "East Adriatic Coast",
    "Bosnia",
    "Serbia",
    "Bulgaria",
    "Macedonia",
    "Northern Greece",
    "Morea",
    "Thrace",
    "Albania",
    "Rascia",
    "Aegean Archipelago",
    "Silistria",
    "Slavonia",
    "Central Greece"
  ],
  "Carpathia": [
    "Transdanubia",
    "Alfold",
    "Slovakia",
    "Transylvania",
    "Southern Transylvania",
    "Wallachia",
    "Moldavia",
    "Bessarabia",
    "Vojvodina"
  ],
  "Egypt": [
    "Lower Nubia",
    "Cyrenaica",
    "Gulf Of Arabia",
    "Al Wahat",
    "Delta",
    "Bahari",
    "Vostani",
    "Said",
    "East Sahara"
  ],
  "Maghreb": [
    "Fezzan",
    "Tunisia",
    "Djerba",
    "Kabylia",
    "Algiers",
    "Hautes Plaines",
    "North Saharan",
    "Tafilalt",
    "Sus",
    "Marrekesh",
    "Fez",
    "Western Sahara",
    "Macaronesia",
    "Ouled Nail",
    "Northern Morocco",
    "Southern Morocco",
    "Western Morocco",
    "Tripolitania",
    "Hoggar",
    "Barbary Coast"
  ],
  "Mashriq": [
    "Syria",
    "Palestine",
    "Al Jazira",
    "Iraq Arabi",
    "Basra",
    "Trans Jordan",
    "Syrian Desert",
    "Aleppo"
  ],
  "Anatolia": [
    "Hudavendigar",
    "Aydin",
    "Karaman",
    "Rum",
    "Kastamonu",
    "Erzurum",
    "North Kurdistan",
    "Dulkadir",
    "Cukurova",
    "Ankara",
    "Germiyan"
  ],
  "Persia": [
    "Shahrizor",
    "Luristan",
    "Farsistan",
    "Iraq E Ajam",
    "Tabarestan",
    "Azerbaijan",
    "Isfahan",
    "Kerman",
    "Tabriz",
    "Persian Gulf Coast",
    "Mogostan",
    "Khuzestan"
  ],
  "Khorasan": [
    "Merv",
    "Balkh",
    "Kabulistan",
    "Ghor",
    "Sistan",
    "Makran",
    "Kalat",
    "Mashhad",
    "Herat",
    "Birjand"
  ],
  "Caucasia": [
    "Circassia",
    "Shirvan",
    "Armenia",
    "Dagestan",
    "Imereti",
    "Samtskhe",
    "Kartli Kakheti"
  ],
  "Arabia": [
    "Bahrain",
    "Oman",
    "Hadramut",
    "Yemen",
    "Pirate Coast",
    "Tabuk",
    "Dhofar",
    "Nafud",
    "Yamamah",
    "Qasim",
    "Medina",
    "Mecca",
    "Asir",
    "Tihama Al Yemen",
    "Upper Yemen",
    "Mahra",
    "Mascat"
  ],
  "Niger": [
    "Adamawa Plateau",
    "Lower Niger",
    "Hausa",
    "Upper Volta",
    "Atacora Oueme",
    "Lower Volta",
    "Kong",
    "Massina",
    "Manding",
    "Tekrur",
    "Cameroon",
    "Jenne",
    "Katsina",
    "Zazzau",
    "Dagbon"
  ],
  "Guinea": [
    "Guinea Coast",
    "Gulf Of Guinea",
    "Futa Jallon",
    "West Africa Coast",
    "Benin",
    "Jolof",
    "Sao Tome"
  ],
  "Sahel": [
    "Darfur Central Sahara",
    "Kanem",
    "Bornu",
    "Azbin",
    "East Azbin",
    "Kurdufan",
    "Dendi",
    "Baghena",
    "Niger Bend",
    "Azawad",
    "Borkou Ennedi Tibesti",
    "South Sudan",
    "Chari Logone",
    "Cap Verde"
  ],
  "Horn Of Africa": [
    "Ajuuran",
    "Southern Ethiopia",
    "Central Ethiopia",
    "Ifat",
    "Tigray",
    "Somaliland",
    "Ogaden",
    "Hadiya",
    "Majarteen",
    "Mogadishu",
    "Red Sea Coast",
    "Upper Nubia",
    "Jubba",
    "Dongola",
    "Sennar",
    "Damot",
    "Aussa",
    "Shewa"
  ],
  "East Africa": [
    "Northern Swahili Coast",
    "Central Swahili Coast",
    "Mozambique",
    "Ruvuma",
    "Ngonde",
    "Mascarenes",
    "Madagascar Highlands",
    "Betsimasaraka",
    "Sakalava",
    "Southern Madagascar",
    "Uticulo Makuana",
    "Mombasa",
    "East African Islands"
  ],
  "Central Africa": [
    "Ngonde",
    "Buha",
    "Luba",
    "Sankuru",
    "Tanzania",
    "Kenya",
    "Buzinza",
    "Uganda",
    "Rwanda",
    "Bunyoro"
  ],
  "Zambezi": [
    "Quelimane",
    "Zimbabwe",
    "Lower Zambezi",
    "Upper Zambezi",
    "Zambia",
    "Katanga",
    "Shire",
    "Butua",
    "Chokwe",
    "Matabeleland"
  ],
  "Kongo": [
    "Coastal Kongo",
    "Kongo",
    "Angola Namibia",
    "Matamba",
    "Lower Kasai",
    "Kasai",
    "Central Africa",
    "Upper Kongo",
    "Gabon",
    "Cuando Cubango",
    "Southern Angola",
    "Equatorial Kongo"
  ],
  "Central Asia": [
    "Nogai",
    "Transcaspia",
    "Transoxiana",
    "Kazakhstan",
    "Balchasj",
    "Tarim Basin",
    "Transoxiana",
    "Khiva",
    "Ferghana",
    "Jetysuu",
    "Zungaria",
    "Arys",
    "Lower Yik",
    "Syr Darya",
    "Kashgaria",
    "Shanshan",
    "North Zungaria",
    "Kyzylkum"
  ],
  "South Africa": [
    "South African Plateau",
    "Cape Of Good Hope",
    "Damaraland",
    "Namaqualand",
    "Nguni",
    "Botswana",
    "Kalahari",
    "Transvaal",
    "Limpopo"
  ],
  "West Siberia": [
    "Yrtesh",
    "Ob",
    "Central Siberia",
    "Tunguska",
    "Irkutsk",
    "Ishim",
    "Kara",
    "Aqmola"
  ],
  "East Siberia": [
    "Yakutia",
    "Okhotsk",
    "Magadan",
    "Kamchatka",
    "Buryatia",
    "Kolyma",
    "Sakha",
    "Chukotka"
  ],
  "Mongolia": [
    "Outer Mongolia",
    "Inner Mongolia",
    "Ordos",
    "Eastern Mongolia",
    "Central Mongolia",
    "Altai Sayan",
    "Turpan Kumul",
    "Tannu Uriankhai",
    "Uliastai",
    "Xilin Gol",
    "Chahar",
    "Cicigar"
  ],
  "Manchuria": [
    "Heilongjiang",
    "Jilin",
    "Ilan Hala",
    "Liaoning",
    "Central Jilin",
    "East Heilongjiang",
    "Central Heilongjiang",
    "Central Ilin Hala",
    "Ningguta",
    "Furdan"
  ],
  "Korea": [
    "Pyongan",
    "Hamgyeong",
    "Western Korea",
    "Eastern Korea",
    "South Korea"
  ],
  "Tibet": [
    "Utsang",
    "Tsang",
    "Amdo",
    "Kham",
    "Bhutan",
    "Ngari",
    "Changtang"
  ],
  "Hindusthan": [
    "Bihar",
    "Oudh",
    "Purvanchal",
    "Nepal",
    "Himalayan Hills",
    "Lower Doab",
    "Upper Doab",
    "Sirhind",
    "Lahore",
    "Multan",
    "Kashmir",
    "Mithila",
    "Baghelkhand",
    "Gird",
    "Katehar",
    "Baisi Rajya",
    "Bundelkhand",
    "Sind Sagar"
  ],
  "Bengal": [
    "Gaur",
    "West Bengal",
    "North Bengal",
    "East Bengal",
    "Naga Hills",
    "Jharkhand",
    "Orissa",
    "Garjat",
    "Assam",
    "Upper Mahanadi",
    "Tripura",
    "Western Assam"
  ],
  "West India": [
    "Marwar",
    "Mewar",
    "Jaipur",
    "Malwa",
    "Saurashtra",
    "Tapti",
    "Sindh",
    "Northern Sindh",
    "Khandesh",
    "Ahmedabad",
    "Patan",
    "Jangladesh"
  ],
  "Deccan": [
    "Gondwana",
    "Telingana",
    "Maidan",
    "Desh",
    "Rayalaseema",
    "Mysore",
    "Kanara",
    "Konkan",
    "Malabar",
    "Raichur Doab",
    "Golconda",
    "Berar",
    "Ahmednagar"
  ],
  "Coromandel": [
    "Andhra",
    "Madura",
    "Lanka",
    "South Lanka",
    "Tanjore",
    "Kongu",
    "South Carnatic",
    "North Carnatic"
  ],
  "Burma": [
    "Kachin",
    "Upper Burma",
    "Lower Burma",
    "Shan Hill",
    "Karenni",
    "Arakan",
    "Central Burma",
    "Chindwin"
  ],
  "Japan": [
    "Hokkaido",
    "Hokuriku",
    "Kanto",
    "Eastern Kanto",
    "Kyushu",
    "Northern Kyushu",
    "Shikoku",
    "Eastern Chubu",
    "Chubu",
    "Kinai",
    "Thohoku",
    "Saigoku",
    "Sanindo"
  ],
  "Australia": [
    "Western Australia",
    "Northern Australia",
    "Eastern Australia",
    "Southern Australia",
    "Central Australia",
    "Top End",
    "Murray River",
    "Illawara",
    "North Queensland",
    "South Queensland",
    "Pilbara",
    "Tasmania",
    "Goldfields Esperance",
    "Eastern Outback"
  ],
  "South China": [
    "Guangdong",
    "West Guangdong",
    "Guangzhou",
    "Fujian",
    "Jiangxi",
    "Huguang",
    "Hunan",
    "Zhejiang",
    "South Anhui",
    "Jiangsu",
    "South Jiangsu",
    "Taiwan",
    "Guangxi"
  ],
  "Xinan": [
    "Sichuan",
    "Yun Gui",
    "Yun Gui Borderland",
    "Chuannan",
    "Chuanbei"
  ],
  "North China": [
    "Hebei",
    "South Hebei",
    "Shandong",
    "West Shandong",
    "Henan",
    "North Henan",
    "Shanxi",
    "Gansu",
    "West Gansu",
    "Shaanxi",
    "Anhui"
  ],
  "Brazil": [
    "Rio Grande Do Sol",
    "Minas Gerais",
    "Goias",
    "Mato Grosso",
    "Sao Paolo",
    "Rio De Janeiro",
    "Bahia",
    "Pernambuco",
    "Sao Francisco",
    "Maranhao",
    "Diamantina",
    "Pontal",
    "Ofaie",
    "West Sao Paolo",
    "Ceara",
    "Piaui"
  ],
  "Amazon": [
    "Amazon",
    "West Amazon",
    "Grao Para",
    "Guapore",
    "Amapa",
    "Suriname"
  ],
  "La Plata": [
    "Patagonia",
    "Cuyo",
    "Southern Pampas",
    "Buenos Aires",
    "Banda Oriental",
    "South Atlantic Islands",
    "Bahia Blanca",
    "Patagonian Andes",
    "Nehuenken",
    "Misiones",
    "Southern Chile",
    "Central Chile"
  ],
  "Colombia": [
    "Upper Guyana",
    "Guyana",
    "Venezuela",
    "Eastern Llanos",
    "Western Llanos",
    "Coquivacoa",
    "Bogota",
    "Popayan",
    "Panama",
    "Maracaibo",
    "Maracaibo",
    "Central Llanos",
    "Cordillera Occidental",
    "Colombian Amazonas",
    "Quito"
  ],
  "Peru": [
    "Kuntisuyu",
    "Chimor",
    "Ucayali",
    "Cajamarca",
    "Huanuco",
    "Antisuyu",
    "Quito",
    "Iquitos",
    "Peruan Coast"
  ],
  "Upper Peru": [
    "Beni",
    "Upper Peru",
    "Tucuman",
    "Chaco",
    "Paraguay",
    "Northern Chile",
    "Potosi",
    "Moxos"
  ],
  "Malaya": [
    "North Sumatra",
    "Jambi",
    "Central Sumatra",
    "South Sumatra",
    "Rejang",
    "Indian Ocean Islands",
    "Tenasserim",
    "Malaya",
    "North Malaya",
    "Johor",
    "Malacca",
    "Batak",
    "Minangkabau"
  ],
  "Moluccas": [
    "Molluca",
    "Sulawesi",
    "Makassar",
    "Luzon",
    "Southern Luzon",
    "Visayas",
    "Palawan",
    "Papua",
    "Vogelkop",
    "Northern Papua",
    "Spice Islands",
    "South Sulawesi",
    "Mindanao",
    "West Mindanao",
    "Timor"
  ],
  "Indonesia": [
    "Kutai",
    "Berau",
    "Sabah",
    "Brunei",
    "Kalimantan",
    "Banjar",
    "East Java",
    "Surabaya",
    "Central Java",
    "West Java",
    "Banten",
    "Lesser Sunda Islands"
  ],
  "Oceanea": [
    "Polynesia",
    "Northern Polynesia",
    "Eastern Polynesia",
    "North Polynesia",
    "Cook Islands",
    "Micronesia",
    "West Micronesia",
    "Melanesia",
    "Fiji",
    "Te Ika A Maui Hauauru",
    "Te Ika A Maui Waho",
    "Te Waipounamu"
  ],
  "Indo China": [
    "Vietnam",
    "Champasak",
    "Vientiane",
    "North Laos",
    "Central Thai",
    "Sukhothai",
    "Northern Thai",
    "Cambodia",
    "Angkor",
    "Mekong",
    "Champa",
    "Tay Nguyen",
    "Khorat",
    "North Tenasserim",
    "Red River Delta"
  ],
  "Canada": [
    "Upper Acadia",
    "Lower Acadia",
    "Newfoundland",
    "Labrador",
    "Cote Nord",
    "Notre Dame Mountains",
    "Lower Canada",
    "Upper Canada",
    "Laurentian",
    "Huronia",
    "Upper Ontario",
    "Greenland",
    "St John Valley",
    "Trois Rivieres",
    "Ottawa Valley"
  ],
  "Great Lakes": [
    "Ohio Country",
    "Illinois Country",
    "Michigan",
    "Lake Superior",
    "Miami River",
    "Wisconsin",
    "Iowa",
    "Minnessota",
    "Southern Illinois"
  ],
  "Northeast America": [
    "Great Woods",
    "Massachusetts Bay",
    "Connecticut Valley",
    "Hudson Valley",
    "Delaware Valley",
    "Iroquoisia",
    "Susquehanna",
    "Maine",
    "South Iroquoisia",
    "Maryland",
    "Westsylvania",
    "New York",
    "Eastern Maine"
  ],
  "Southeast America": [
    "Chesapeake",
    "Great Valley",
    "Piedmont North America",
    "American Georgia",
    "Florida",
    "Carolinas",
    "South Carolina",
    "Upper American Georgia",
    "North Florida",
    "South Carolina Piedmont"
  ],
  "Mississippi": [
    "Lower Louisiana",
    "West Florida",
    "Ozarks",
    "Upper Louisiana",
    "Alabama",
    "Kentucky",
    "Appalachia",
    "Mississippi",
    "South Appalachia",
    "Choctaw",
    "Mississippi Plain",
    "Western Kentucky"
  ],
  "Great Plains": [
    "Lower Plains",
    "High Plains",
    "Dakota",
    "Upper Missouri",
    "Badlands",
    "Central Plains",
    "South Dakota",
    "Kansas",
    "Montana"
  ],
  "California": [
    "California",
    "Baja California",
    "Arizona",
    "Colorado Plateau",
    "Central Valley",
    "Great Basin",
    "Utah",
    "Apacheria",
    "Northern California",
    "Sonora"
  ],
  "Cascadia": [
    "Oregon",
    "Columbia River",
    "Snake River",
    "Salish Sea",
    "Interior Plateau",
    "Hecate Strait",
    "Alaska",
    "Straits Of Georgia",
    "East Alaska",
    "Yukon",
    "Northern Alaska",
    "Northwest Territories"
  ],
  "Hudson Bay": [
    "James Bay",
    "Hudson Bay",
    "Red River",
    "Saskatchewan",
    "Prairies",
    "Athabasca",
    "Inner Ontario",
    "Assiniboia",
    "Northern Territories",
    "Nunavut",
    "Ungava",
    "Manitoba"
  ],
  "Mexico": [
    "Eastern Mexico",
    "Mexico",
    "Michoacan",
    "Guerrero",
    "Oaxaca",
    "Durango",
    "Jalisco",
    "Gran Chichimeca",
    "Nayarit",
    "Zacatecas",
    "Tierra Caliente",
    "Puebla",
    "Huasteca",
    "Mixteca",
    "Guanajuato"
  ],
  "Rio Grande": [
    "Rio Grande",
    "Northeast Mexico",
    "Texas",
    "Coastal Prarie",
    "Pecos",
    "Llano Estacado",
    "Chihuahua",
    "Texas Plains",
    "New Mexico"
  ],
  "Central America": [
    "Guatemala",
    "Honduras",
    "Nicaragua",
    "Yucatan",
    "East Yucatan",
    "Chiapas",
    "Guatemala Lowlands",
    "Costa Rica",
    "Campeche"
  ],
  "Carribeans": [
    "Cuba",
    "East Cuba",
    "Hispaniola",
    "Dominica",
    "Greater Antilles",
    "Leeward Islands",
    "Windward Islands",
    "Lucayan",
    "South Caribbean"
  ],
  "Baltic Sea": [
    "Baltic",
    "Kattegat"
  ],
  "North Atlantic": [
    "North Sea",
    "Norwegian Sea",
    "White Sea",
    "Celtic Sea",
    "English Channel",
    "Bay Of Biscay",
    "North Atlantic",
    "Denmark Strait"
  ],
  "American East Coast": [
    "Sea Of Labrador",
    "Hudson Bay Sea",
    "Gulf Of St Lawrence",
    "Gulf Stream",
    "Sargasso Sea"
  ],
  "Mediterrenean": [
    "Eastern Mediterrenean",
    "Western Mediterrenean",
    "Black Sea"
  ],
  "Caribbean Sea": [
    "Bahama Channel",
    "Coast Of Guyana",
    "Caribbean Sea",
    "Gulf Of Mexico"
  ],
  "West African Sea": [
    "West African Coast Sea",
    "Gulf Of Guinea Sea",
    "Central Atlantic"
  ],
  "West Indian Ocean": [
    "Western Indian Ocean",
    "Swahili Coast Sea"
  ],
  "Arabian Sea": [
    "Arabian Sea",
    "Persian Gulf",
    "Red Sea"
  ],
  "East Indian Ocean": [
    "Eastern Indian Ocean",
    "Bay Of Bengal",
    "Andaman Sea",
    "Timor Sea"
  ],
  "South Indian Ocean": [
    "South Indian Ocean",
    "Great Australian Bight"
  ],
  "South China Sea": [
    "Java Sea",
    "South China Sea",
    "Celebes Sea",
    "Banda Arafura Seas",
    "Arafura Sea"
  ],
  "East China Sea": [
    "East China Sea",
    "Sea Of Japan",
    "Yellow Sea"
  ],
  "North East Pacific": [
    "East Pacific Ocean",
    "Sea Of Okhotsk",
    "Coast Of Japan",
    "Philipine Sea",
    "Berring Sea",
    "West Arctic Ocean"
  ],
  "South East Pacific": [
    "Coral Sea",
    "Tasman Sea",
    "Melanesian Sea",
    "Micronesian Sea",
    "Southwest Pacific"
  ],
  "South West Pacific": [
    "South Pacific",
    "Polynesian Triangle",
    "West Pacific Ocean"
  ],
  "North West Pacific": [
    "North Pacific",
    "North Pacific Coast",
    "Gulf Of Alaska",
    "East Arctic Ocean"
  ],
  "Pacific South America": [
    "Chilean Sea",
    "Sea Of Grau",
    "Gulf Of Panama"
  ],
  "Atlantic South America": [
    "Coast Of Brazil Sea",
    "Argentine Sea"
  ],
  "South Atlantic": [
    "South Atlantic",
    "Skeleton Coast",
    "Cape Of Storms"
  ],
  "Jan Mayen": [
    "Jan Mayen"
  ]
}